experiment,rows,avg_recall,avg_mrr,avg_stage_1_retrieval_bm25_latency_sec,avg_stage1_1_retrieval_dense_latency_sec,avg_stage_1_retrieval_fusion_latency_sec,avg_stage_1_retrieval_total_latency_sec,avg_stage_2_generation_latency_sec,avg_total_latency_sec
hybrid_clova_bge-m3,100,0.98,0.9783333333333334,0.00420719796998128,0.4683491722600047,3.229351000754832e-05,0.47258866373999353,11.46673335099997,11.939322014739965
dense_clova_bge-m3,100,0.9683333333333333,1.0,0.0,0.4655149769299942,0.0,0.4655149769299942,10.59674196268999,11.062256939619983
hybrid_openai_text-embedding-3-small,100,0.9583333333333333,0.9703333333333333,0.003869067349969555,0.3839689753699713,3.199886994480039e-05,0.38787004158988564,10.310202155989982,10.698072197579869
