experiment,rows,avg_recall,avg_mrr,avg_bertscore_f1,avg_stage_2_regeneration_count,avg_stage_1_retrieval_bm25_latency_sec,avg_stage1_1_retrieval_dense_latency_sec,avg_stage_1_retrieval_fusion_latency_sec,avg_stage_1_retrieval_total_latency_sec,avg_stage_2_generation_latency_sec,avg_total_latency_sec
hybrid_clova_bge-m3,100,0.98,0.9783333333333334,0.7477000159025192,0.13,0.0036505902799945033,0.5188143045700122,3.0973199998243217e-05,0.5224958680500049,5.976206809529993,6.498702677579997
dense_clova_bge-m3,100,0.9683333333333333,1.0,0.7467955380678177,0.1,0.0,0.45584788748000166,0.0,0.45584788748000166,5.740528866859997,6.196376754339999
hybrid_openai_text-embedding-3-small,100,0.9583333333333333,0.9703333333333333,0.7491108918190003,0.14,0.0036369735100061007,0.36125609083000654,3.327809999746023e-05,0.3649263424400101,5.719588395470001,6.08451473791001
